windgen,order,Perror,Poverload,Pislanded
1.0,1st,0.00011205253627798624,0.0,0
1.0,2nd,3.087923722019251e-07,0.0,0
1.5,1st,0.00011205253627798624,0.0,0
1.5,2nd,3.087923722019251e-07,0.0,0
2.0,1st,0.00011205253627798624,0.0,0
2.0,2nd,3.087923722019251e-07,0.0,0
2.5,1st,0.00011205253627798624,0.0,0
2.5,2nd,3.087923722019251e-07,1.2026745678201163e-12,0
3.0,1st,0.00011205253627798624,0.0,0
3.0,2nd,3.087923722019251e-07,3.7313370455934327e-11,0
3.5,1st,0.00011205253627798624,0.0,0
3.5,2nd,3.087923722019251e-07,1.2911694039479164e-09,0
4.0,1st,0.00011205253627798624,4.520731624445849e-09,0
4.0,2nd,3.087923722019251e-07,2.0077881670844593e-08,0
4.5,1st,0.00011205253627798624,3.540139464001336e-08,0
4.5,2nd,3.087923722019251e-07,1.4527490987480165e-07,0
5.0,1st,0.00011205253627798624,4.809097382780607e-07,0
5.0,2nd,3.087923722019251e-07,1.0161258157601865e-06,0
5.5,1st,0.00011205253627798624,3.0124492782938514e-06,0
5.5,2nd,3.087923722019251e-07,4.610894132606816e-06,0
6.0,1st,0.00011205253627798624,1.3220523479178464e-05,0
6.0,2nd,3.087923722019251e-07,1.7023594435181694e-05,0
6.5,1st,0.00011205253627798624,9.164965189396775e-05,0
6.5,2nd,3.087923722019251e-07,9.861130372483129e-05,0
